{"cameraMode":{"drawMode":0,"name":"Shaded","section":"Shading Mode"},"sceneLighting":true,"audioPlay":false,"sceneViewState":{"m_AlwaysRefresh":false,"showFog":true,"showSkybox":true,"showFlares":true,"showImageEffects":true,"showParticleSystems":true,"showVisualEffectGraphs":true,"m_FxEnabled":true},"in2DMode":false,"pivot":{"x":-9.370936393737793,"y":2.888002872467041,"z":31.215667724609376},"rotation":{"x":-0.0003093946143053472,"y":-0.06086551025509834,"z":0.000018255275790579617,"w":-0.9981505274772644},"size":18.77442169189453,"orthographic":false}