{"cameraMode":{"drawMode":0,"name":"Shaded","section":"Shading Mode"},"sceneLighting":true,"audioPlay":false,"sceneViewState":{"m_AlwaysRefresh":false,"showFog":true,"showSkybox":true,"showFlares":true,"showImageEffects":true,"showParticleSystems":true,"showVisualEffectGraphs":true,"m_FxEnabled":true},"in2DMode":false,"pivot":{"x":-0.6228823065757752,"y":2.042628288269043,"z":-4.664880752563477},"rotation":{"x":-0.3356480300426483,"y":-0.009327801875770092,"z":0.0033244064543396236,"w":-0.9419404864311218},"size":5.6876115798950199,"orthographic":false}