{"cameraMode":{"drawMode":0,"name":"Shaded","section":"Shading Mode"},"sceneLighting":true,"audioPlay":false,"sceneViewState":{"m_AlwaysRefresh":false,"showFog":true,"showSkybox":true,"showFlares":true,"showImageEffects":true,"showParticleSystems":true,"showVisualEffectGraphs":true,"m_FxEnabled":true},"in2DMode":false,"pivot":{"x":-3.098088264465332,"y":2.3397202491760256,"z":0.359058141708374},"rotation":{"x":0.3610174357891083,"y":-0.0021195299923419954,"z":0.0010460185585543514,"w":0.9326903820037842},"size":4.099640846252441,"orthographic":false}