{"cameraMode":{"drawMode":0,"name":"Shaded","section":"Shading Mode"},"sceneLighting":true,"audioPlay":false,"sceneViewState":{"m_AlwaysRefresh":false,"showFog":true,"showSkybox":true,"showFlares":true,"showImageEffects":true,"showParticleSystems":true,"showVisualEffectGraphs":true,"m_FxEnabled":true},"in2DMode":false,"pivot":{"x":-11.197466850280762,"y":3.6525673866271974,"z":0.735083818435669},"rotation":{"x":-0.11252722144126892,"y":-0.02772180549800396,"z":0.0031388425268232824,"w":-0.9932665228843689},"size":4.31845235824585,"orthographic":false}