{"cameraMode":{"drawMode":0,"name":"Shaded","section":"Shading Mode"},"sceneLighting":true,"audioPlay":false,"sceneViewState":{"m_AlwaysRefresh":false,"showFog":true,"showSkybox":true,"showFlares":true,"showImageEffects":true,"showParticleSystems":true,"showVisualEffectGraphs":true,"m_FxEnabled":true},"in2DMode":false,"pivot":{"x":-9.279404640197754,"y":-4.684933662414551,"z":30.229108810424806},"rotation":{"x":0.1402682065963745,"y":-0.012250074185431004,"z":0.0011294328141957522,"w":0.9901887774467468},"size":20.112592697143556,"orthographic":false}