{"cameraMode":{"drawMode":0,"name":"Shaded","section":"Shading Mode"},"sceneLighting":true,"audioPlay":false,"sceneViewState":{"m_AlwaysRefresh":false,"showFog":true,"showSkybox":true,"showFlares":true,"showImageEffects":true,"showParticleSystems":true,"showVisualEffectGraphs":true,"m_FxEnabled":true},"in2DMode":false,"pivot":{"x":-12.484029769897461,"y":3.7504239082336427,"z":-3.0356030464172365},"rotation":{"x":-0.3356480300426483,"y":-0.009327801875770092,"z":0.0033244064543396236,"w":-0.9419404864311218},"size":0.8140851259231567,"orthographic":false}