{"cameraMode":{"drawMode":0,"name":"Shaded","section":"Shading Mode"},"sceneLighting":true,"audioPlay":false,"sceneViewState":{"m_AlwaysRefresh":false,"showFog":true,"showSkybox":true,"showFlares":true,"showImageEffects":true,"showParticleSystems":true,"showVisualEffectGraphs":true,"m_FxEnabled":true},"in2DMode":false,"pivot":{"x":-12.48276138305664,"y":2.8681702613830568,"z":-2.1245296001434328},"rotation":{"x":-0.012307975441217423,"y":0.009595027193427086,"z":-0.00015892842202447355,"w":-0.999894380569458},"size":1.993688941001892,"orthographic":false}